ObjectId,
ZTF17aaaehqt,
ZTF17aaaikoz,miss
ZTF17aaaizeq,
ZTF17aaaizfe,
ZTF17aaajhib,miss
ZTF17aaajocf,
ZTF17aaarmxh,miss
ZTF17aaarvmd,
ZTF17aaaslvp,
ZTF17aabrukj,
ZTF17aabskxk,miss
ZTF17aabxlrc,
ZTF17aacbuuj,
ZTF17aadihfl,
ZTF18aaadhno,miss
ZTF18aaadlpa,
ZTF18aaaeozg,
ZTF18aaarims,miss
ZTF18aabfvtl,
ZTF18aabjqhl,
ZTF18aabktwo,
ZTF18aabpzjg,
ZTF18aacvbng,miss
ZTF18aagrcve,
ZTF18aahvhsb,
ZTF18aajbbtc,
ZTF18aajqtnw,
ZTF18aalurkz,
ZTF18aaojabr,
ZTF18aapovzp,
ZTF18aaqphee,
ZTF18aavooiu,
ZTF18aavzkbh,
ZTF18aaylcic,
ZTF18aaznyge,
ZTF18abadsmu,
ZTF18abmahbc,miss
ZTF18abmqugk,
ZTF18abnulwr,
ZTF18absgnqy,
ZTF18abuhqfi,
ZTF18abvmlol,miss
ZTF18abwiccd,
ZTF18abwvggo,miss
ZTF18abztpda,
ZTF18aceqsfw,
ZTF18acnnsmq,miss
ZTF18actbrbg,
ZTF18acuexzs,
ZTF18acyutkw,
ZTF18acywwfg,miss
ZTF18aditqga,
ZTF18adjefml,
ZTF18adjvzzl,miss
ZTF19aacitsy,
ZTF19aapzvoj,
ZTF20abragvw,
